x,y,label
0.1100780656130166,0.27665048601512315,0
-0.5152282807995435,0.20979904528326632,0
-0.6122171023146873,-0.37848821083977785,0
-0.08103910636183596,0.7560518366851581,0
0.3591982696959073,0.04485541675225427,0
-0.31785044902058934,-0.2639071961808608,0
-0.1937798920966868,-0.09849916871148406,0
-1.1124669990299616,0.11889126892348116,0
0.1697961145119384,0.5878750556986377,0
-0.22728702251772273,-0.2323025960597535,0
-0.7000590151023233,-0.3371765789596461,0
0.36568560075355605,0.033641353717367574,0
0.31320222762171673,-0.5115884531794139,0
-0.03157600166266799,-0.4330920149427981,0
-0.4403546086869949,-0.2809695043440509,0
0.027751689405540972,-0.12107914594381683,0
0.172377234254318,-0.6771278612150962,0
0.3178949615419919,0.08239564521570789,0
-0.31870204772272986,0.1471199392952012,0
0.7087090360077,0.03554429283214315,0
0.006416022264648124,-1.0546430594658662,0
-0.5449813921375204,0.6920889578942032,0
-0.3245506574047054,0.15961209326375397,0
-0.38514438717702015,-0.7681689977364646,0
-0.04247116950757791,-0.41808351994856985,0
-0.5818567121524665,0.6413229400037272,0
-0.37086656373308236,-0.30193386961471186,0
0.5389313296310364,0.07874953155047064,0
0.5567144706093355,0.4542952641111559,0
0.3109020484590188,0.7212580246827175,0
0.4105938805184588,-0.6046757928826445,0
0.688246885947779,-0.43900302503748523,0
0.22744646501570548,-0.3027109730853282,0
0.012792016202007659,0.5871209032228186,0
0.11419231481792899,-0.02800343004250151,0
-0.7740586187562433,-0.5435487356021421,0
0.9312399060471327,0.5975044308105301,0
0.441679777461294,0.92348994258552,0
0.4012403783404309,0.7903424736787579,0
0.21554120941029903,0.9053975449077376,0
0.008053664340501955,0.513167294682383,0
-0.3749409104364259,-0.18899611900248758,0
-0.5220928399399257,0.6257084031568314,0
1.1237253960527347,0.34115216806267024,0
-0.05516271819313549,0.8290873468421324,0
0.15878566754728332,0.024517079156176912,0
0.0673452434391338,-0.23344983100974004,0
-0.49532355084872565,-0.11803275627494836,0
-0.000910664163767394,-0.11153229613012552,0
0.024958645254766737,0.08800570435530415,0
0.4909695192344278,-0.08083903453060312,0
-0.4103641659938411,0.1954681952128531,0
-0.49651148582407434,-0.6583412263771037,0
-0.19351321282610415,-0.029807515768775845,0
0.26792644311454505,0.34254903608296916,0
-0.668142020591083,0.18013369471615193,0
0.07977604196675149,-0.23837934644893363,0
-0.20907184970318668,0.4466043275912909,0
0.6018825856473096,0.7039804275922751,0
0.3365321294249566,1.0474468645680015,0
0.4916062329791964,-0.8354441876792894,0
-0.684996122645275,-0.4105238320637836,0
0.37917907220563785,0.16737286585199518,0
-0.7105915555375542,1.2554622885117852,0
0.1010606233572503,0.0582819855722738,0
0.0601559594920793,0.5037834110803756,0
-0.36972667063025216,-0.9144452810592819,0
-0.4509720799821335,0.2376136853746467,0
-0.1277144016901055,0.031202731016787288,0
-0.5547858031669439,-0.1726785289300806,0
0.4220783818176932,0.08709989587408017,0
-0.003949861624170349,-0.9845222656673734,0
-0.6624813070908622,0.3217649503813314,0
-1.065148991650727,-0.995880800884493,0
-0.15338161116868934,0.43271960255964237,0
-0.3275767774329888,-0.0754615590122488,0
0.15484762077666175,0.9468499052378749,0
0.2213109372171037,0.35367131897891285,0
-0.6529206782957246,-0.21007646925305806,0
-0.46446950094136547,0.055338119748372855,0
0.6054974945348062,-0.6746994390510089,0
0.35575154327053543,-0.1928966460719614,0
-0.46211991519380896,-0.4526393970282943,0
0.04711684326022431,0.3145232920654084,0
-0.37654522430170706,0.11591165863853536,0
-0.3717274168869276,0.2105710886284839,0
-0.12516489757619995,-0.38629760352566994,0
0.5182401692267978,-0.7576801652964427,0
-0.1895262420778935,-0.42558633568758714,0
0.03629116821255364,0.20149662459041198,0
0.6024669878901342,-0.5756447269481814,0
0.39994784441874426,-0.36589465559633544,0
-0.34318309827417093,0.5942717157986682,0
-0.3366357152404908,-0.6444982426327556,0
0.14671998309753673,-1.3041725386749652,0
-0.3974302330491662,0.22419830402322796,0
-0.07063378888280401,-0.47899587792612625,0
0.5230648748624088,-0.6080506886316439,0
0.006355499144054116,-0.7113440515759009,0
0.47869770188350413,-0.5257598351350666,0
0.25486914836080543,-0.3009036269270853,0
-0.3707069351121106,0.6523552587655158,0
-0.032282067385701066,0.09929274081882744,0
0.09268869474790678,-0.4604507036653521,0
0.14883980884262715,0.21005104656414963,0
0.30293463280323657,-0.6957979061164776,0
-0.5467955892459124,-0.9568690571879429,0
-0.15836315675764265,0.5925029738643643,0
0.2789077743202481,0.7372150661582387,0
0.6690533555459879,-0.007288999694606152,0
1.1344447586172928,-0.8688936094588506,0
0.22511992804554193,-0.7192737646755821,0
-0.28185142969302746,-0.04009841060130914,0
0.6931354015574144,0.36327623176973683,0
0.5511557228297643,-1.0732355458738243,0
1.1160368197912747,-0.6590393375601398,0
0.609820065202801,-0.4451379777031824,0
-0.3295612818081499,-0.5456108072306974,0
0.3428961653776984,-0.5008607456359345,0
0.7824525852526568,-0.5332850460353945,0
0.3096462922671473,0.4158815385110573,0
0.30549978611330936,-0.5398339391198832,0
-0.310827480739911,0.1616596466897098,0
0.10897162699575864,-0.050783894314524125,0
-0.4194632755031728,0.45728906281819454,0
-0.4133463917900936,0.905983719127716,0
-0.18385134565230465,-0.07331313465261809,0
-0.38810956559532006,-0.235016886942783,0
1.4566676848889433,0.3217529727213809,0
-0.24881556867834242,0.1780025195721053,0
-1.2575610116498843,0.2602820226151786,0
0.43977031785464277,0.5105281661067987,0
-0.22866676979922745,-0.5613460397342368,0
-0.24478271261857082,-0.3352222277150893,0
-0.3903658288132544,0.040319766285836514,0
0.5351073765591409,0.46476300121570213,0
0.19504771843467442,0.004239707653528767,0
-0.1537868069261759,-0.5654529246769447,0
-0.11449357860798802,-0.4413905647359994,0
0.17562572220991482,0.4510556721609194,0
0.4345172932301576,-0.4309229229130968,0
0.4830336403662074,0.12023786068584438,0
-0.06652027781854933,0.02533265857132407,0
1.0090052174613153,0.5126192777654476,0
0.2848129820246842,-0.7819189204250796,0
-0.24706180843163808,-0.09141697359285253,0
-0.5478294129146976,0.5060056054225017,0
0.1906028958037702,0.24743737644046615,0
0.5535035943619377,0.37616829279025166,0
0.03050406986995958,-0.26993086326378124,0
-0.6791860133013132,0.4474772732996473,0
-0.764857214698648,0.49574280315055497,0
0.7441138178002261,-0.44949998146278497,0
-0.625922212489427,-0.8081650715189138,0
-0.1642326099727121,0.6822601312492241,0
0.27231174724506035,0.4303922552352878,0
0.7057540040987378,-0.9049093698195864,0
-0.6155439853428668,-0.48179025548119436,0
-0.04208911830839634,0.7834771374657006,0
0.8438321539400372,0.8361304682456221,0
-0.38966687328483474,0.15828292744379216,0
-0.12936589907189436,-0.20585328488086463,0
-0.19941407476543296,0.0639303684782775,0
-0.12873266795672694,0.430589167364549,0
-0.593567865046286,-0.06756255066731225,0
0.7324964420823696,0.38146975189214216,0
0.34248593036039243,0.18761491331781585,0
0.2551599368424747,0.6826601082436125,0
0.9551501553923499,-0.3137436016434905,0
-0.09864254564291179,-0.8265128812955053,0
0.0006772400029160113,0.3152183100564555,0
0.4317729973731507,0.504373920182118,0
0.836186780891531,-0.23091381520981827,0
0.2153998053443554,-0.07727504067255479,0
1.0041313819978583,-0.33850708309179134,0
-0.3598761657262931,-0.7731782692858954,0
-0.08799931470084174,-0.18555764602047967,0
0.02561667135934991,-0.16713750815906628,0
0.003030831945620645,0.8027214844619454,0
-0.6010535872640421,0.45818366492064055,0
-0.31154060580750464,-0.7255432329004018,0
-0.7746131757379293,-0.06304247248571479,0
-0.4038094085854072,-0.7408767698699322,0
0.4916676150179344,-0.7628504650562568,0
-0.43317066268648274,0.015687179119372254,0
-0.45148329646607976,-0.7118460968330738,0
0.4391095280790105,-0.30372092016154617,0
0.7355362523116807,-0.11206172840141924,0
0.38504801514581,0.6315042759594899,0
0.09110333982626673,-0.14773995946777554,0
-0.5741734378589184,0.14188375945794482,0
0.4971899068629441,-0.08392601263858719,0
0.06426610358965816,0.036307058651490594,0
0.8018034317231243,-0.21161242313099252,0
-0.2720605703994434,0.756137777004624,0
0.09696809508413012,-0.4939841504499923,0
-0.4521019879662662,-0.28581761008060347,0
-0.21345705069764848,0.9061243529454172,0
-0.13609223274852458,-0.006526298591715954,0
-0.28851369727047044,-0.012178723850023564,0
-0.25090703642197465,0.22143635741238854,0
-0.15272112079589925,0.7091900420916246,0
0.009150138670688692,-0.45249993547162287,0
0.6854673056185366,0.5811669249999359,0
-0.9828891505509846,0.16542855833577982,0
0.039619638696438565,0.31510199223350743,0
-0.7111999452970299,-0.23947907113504424,0
0.2850617172434896,-0.3397368511839989,0
1.2977531281879489,0.8052255451256757,0
-0.7701187015456379,0.7426577662291525,0
-0.7159206580451007,1.1410973183948379,0
0.5165406137128463,0.5922257669623494,0
-0.5551177024401597,-0.1707634018765603,0
0.26504770818717616,0.2168238761775861,0
0.2843265524564822,-0.32786770359134826,0
0.11259646939464532,-0.009454455221952762,0
-0.6463696695420607,-0.8734496166445919,0
0.27477601860096806,-0.39738878876655415,0
-0.03212284196427318,0.9498218094995612,0
-0.3099097967372645,0.4633653319275101,0
-0.10052556800650292,0.17176230281753377,0
-0.2696918153808309,-0.09660116664853449,0
-0.744933357554543,0.1023805402971268,0
-0.6588815781522601,-0.272890747306847,0
-0.29203257416108985,-0.1769062079623548,0
-0.2895119282813873,0.5227830794742272,0
0.5102376389436559,-0.06967460437443786,0
-0.7611497184246643,0.6511571154563658,0
-0.38360779245052196,0.1055873221991249,0
0.8492025308913655,0.21407397812221218,0
-0.222887951885798,-0.17744944780373348,0
0.37825575991690946,0.06125106178598713,0
0.9238215333587038,0.20238353619286745,0
-0.43641170080917796,0.46831714118825246,0
0.7787623501005949,0.6561392428791092,0
-0.683675150036306,-0.27201089916033067,0
-0.21891523293829068,-0.5025650214223705,0
-0.7463072615926561,0.5524968013478919,0
-0.37044074588772674,0.4944170195947125,0
0.026221285505857145,0.32348763631425737,0
-0.6046167031421066,-0.2535582974335516,0
-0.5797146266618702,-0.20264601265887716,0
0.9621640444015458,-0.14177387838520936,0
0.06527160626244556,0.6103124525825442,0
-0.12129406773344843,0.2710068200490736,0
1.2864775683415748,0.5577888106341269,0
-0.4611058714482672,0.29372090361867675,0
0.7039961201498302,0.4210604701749093,0
-0.307536349945732,-0.4832859571210945,0
0.26779187176113034,-0.4931314722920739,0
0.376983921344417,-1.0596184468512284,0
1.1066715409773231,0.43622951009442595,0
0.6219640422404484,-0.22410911371280487,0
-0.22536640193268592,0.16367293432254856,0
-1.2191280292792634,-0.06421409917321012,0
-0.9001003134109602,0.8352644798240215,0
0.39304887734399874,0.29656077722324536,0
0.8956926467728128,0.07542088199490382,0
0.1885893605769618,-0.28559610040607997,0
1.4556282784303618,0.4516443238191926,0
-0.017333991924890272,-0.2838368038013745,0
-0.6009902526641903,-0.7527582803881019,0
0.5673638153627327,-0.776582827685181,0
0.20433248507406057,-0.009103364297283518,0
0.26818897091500654,-0.5633204452416498,0
-0.10828385488028466,-0.24859090360933606,0
1.172498245231539,0.23415338278510445,0
0.12406787112431564,-0.5505334306103089,0
0.003970897801914765,0.2665431450991794,0
0.07130408096937339,1.1223189651823038,0
0.3663683225633568,-0.17706380065783597,0
0.8261279661308182,-0.8283522683003643,0
0.5734451906056652,-0.26912108238220195,0
-0.02989634433914066,0.5413173928553738,0
0.3886876595300788,0.3610772547731725,0
1.0425808249998767,0.5106803704156435,0
-0.2362591808424841,-0.0038315562934356177,0
0.43144207471453505,0.11783359116820376,0
0.31580608092162477,0.42951733642245693,0
-0.17114623560966902,1.3886543679069059,0
0.288114415701727,0.39525256615325716,0
0.7107251063825926,-0.3580791355362427,0
0.35718168285558777,0.091002429630868,0
0.4852247918134711,-0.039492539404016806,0
0.04142326401741645,0.7004514909452176,0
0.31084880951070226,0.25524287091147013,0
-0.15742016520464977,0.22970601759008114,0
-0.30040785061104197,-0.6328448274685662,0
1.1331406537010291,-0.546784757419072,0
-0.02182858648296458,0.1501553535904736,0
0.8678892247734052,0.1810053977113945,0
1.073127811307067,-0.042584201846132555,0
0.29744688916882006,-0.568177414186243,0
-0.9544265288795976,-0.15936930645728128,0
0.8299653353338245,0.12770251844238167,0
-0.12617645163624217,-0.25353244801881125,0
-0.8857112527936614,0.48567312649475647,0
0.24678230890475736,-0.15542687188034926,0
0.39993075346459894,0.2881121764410538,0
0.15969159524063753,0.26476640759731745,0
4.9247083046160425,3.629238487401805,1
4.232761337792988,3.8083630743059937,1
4.114263710748874,3.8809876236603813,1
4.701980577976065,4.27003477811116,1
4.028262250101696,2.9331386822895382,1
4.3864413100123985,3.977352403094154,1
3.104749550963779,3.638316485085115,1
4.347585099253782,3.9632173464569256,1
4.473133272977358,3.6833806131911975,1
4.275626833358051,4.503132210223574,1
4.31974030356253,3.633463037438539,1
4.595672492541212,4.349255513111532,1
4.2343529595296685,4.236063294526946,1
3.268791417273514,4.19050580273228,1
4.817470096232281,3.5442553912298145,1
4.331698926503373,3.752006616450299,1
4.1107062159078165,3.564717266523,1
4.841437368011508,3.857371835845216,1
3.840243682718602,4.25679393123346,1
4.374729229862792,3.522239243821883,1
3.9797331651794416,4.964919415967451,1
4.062170823711927,4.570690916295908,1
4.355770697893252,3.527105799217418,1
4.428720899751946,3.9045400992631665,1
4.042164334959711,3.5312965969225107,1
3.7768054020189696,4.566228369283391,1
4.104054615856129,4.07297486587897,1
3.9686839010500985,3.5147276053478356,1
4.154484369399847,3.3062095344153573,1
3.619754344731362,4.2865901649919245,1
4.048532207053277,3.9620060537959536,1
3.666900808801785,4.114587554453929,1
4.15267799417193,3.50871042073453,1
3.5411451664360283,4.3235053945310655,1
3.4528498382326056,4.1073854692026455,1
4.756590645717344,4.56252297525295,1
4.360115078951688,4.549177328942903,1
4.227828265662818,3.992290012330687,1
4.2402318242936134,3.2867999875181475,1
3.8176433107052197,4.072246184907143,1
3.4326674147739342,3.7259982061978154,1
4.121805061834986,4.032202293597644,1
3.331489464579546,5.250139190187611,1
3.260008333993976,3.8088605188597993,1
4.135965802940055,4.361187536407819,1
3.9877970235559075,3.3683819887636783,1
3.4243570112073987,3.8597671776241897,1
3.8437556891006617,3.9872228424889533,1
4.627435648965545,3.5996434366703443,1
4.24542649320492,3.110542843614322,1
3.689336145535792,3.6147031620536785,1
4.966839680804214,4.12309005988204,1
4.3267401309948115,3.909694621641645,1
4.170129279391598,4.120511272817288,1
4.537352866007767,3.91244348341387,1
4.652295518510021,4.309209374465202,1
3.9709033942869367,3.9072814314722626,1
3.3170243184202595,3.7870062573634744,1
4.763735688459211,4.027263145031025,1
3.569629841111519,4.538551488428914,1
4.376272390998777,3.5498297512203023,1
3.7446715465953795,4.747680377602646,1
3.735179985516076,3.8297829691678085,1
4.032394533858074,4.7489577238958365,1
3.803509591800483,3.618986005435738,1
3.0894027233173085,4.391538895082746,1
3.7660611325332187,4.290612653779233,1
4.954117295780446,4.204793058213339,1
4.052686690354481,3.8901057218936996,1
4.305738835886181,3.6130729132122696,1
4.303157766534415,3.57829467237944,1
3.8833808143717423,3.672346744907917,1
3.659000066023708,3.707258862829042,1
3.9345240225237474,3.925435953542343,1
4.255477139934262,3.6380167308301488,1
4.292557267387842,4.170163632074762,1
3.822849258376877,3.544743958004451,1
4.1548818684279425,3.80542862520779,1
4.205563669408232,3.1912342607116893,1
4.435059859866207,3.4033393819762385,1
4.3558865392894335,4.041583935812509,1
3.8450201034533675,4.644791317232698,1
4.225324847809037,3.976094202814871,1
2.7259539638214214,4.219504015543216,1
4.018648974217214,4.008035380200106,1
3.6759443057755754,4.682188894303156,1
3.0778110770680898,3.596340215589463,1
2.8844346606034232,4.074568901033674,1
3.120504574122019,3.021375948317288,1
4.472677117079188,3.541969737931922,1
3.7715097110740903,3.756720590619914,1
3.8290064301399145,3.6963966972803703,1
4.675189448728424,3.8706822643948127,1
3.9210140423740745,3.6055646147511093,1
3.7137054647592156,3.1801890772687145,1
4.439234097556673,3.1061564944995688,1
3.9645808516497514,3.723980206312099,1
4.007804391741878,3.67009164572526,1
3.4131938830093724,4.3368797821224,1
4.006711515459883,4.137209122714782,1
4.552284198601079,4.6637657558866215,1
4.44482356065451,3.2041414996716284,1
3.18241693029188,3.3274663336391663,1
3.3986292608295554,3.6172164286776782,1
3.912791374779725,4.000819095234646,1
3.402611423423736,3.8891157963876144,1
3.206507757867683,3.505304722068936,1
4.722256998555526,3.9534430975995423,1
3.997474739059907,3.577795909506349,1
4.616531072420897,4.255899183953292,1
4.611915319980222,4.270133948212892,1
4.1387299289104265,3.989201293965256,1
4.476672591377915,4.251346183199319,1
4.0251362401219914,3.9431766352726516,1
4.1750485089335045,4.022713192942041,1
4.348231234306526,4.733234271292097,1
3.376341755053389,4.114530820313696,1
4.340065162346484,4.0078120280309015,1
3.480784602240212,3.764055853563795,1
4.1497037938569665,3.502983095496733,1
4.1068401946949775,4.022031734431944,1
4.232889778159755,4.454390754794038,1
4.753864806935139,4.351826285023715,1
4.071033920796532,4.52524150472054,1
3.9116427602824286,3.1106750311606,1
4.764807547117123,4.039156230086809,1
4.116368825784744,4.282999140652319,1
3.2574322924983803,4.105664671834387,1
4.823627973343645,4.362209402563092,1
4.569470997076413,3.605731876981134,1
3.789125742631334,4.052438539574674,1
3.2907014599425732,5.183833543764898,1
4.909437960725739,4.167340004081608,1
2.74253529623041,4.109072906034282,1
3.496645456471604,4.806562939546905,1
3.825498394367055,3.797570511408698,1
3.125882218344123,3.696047336643386,1
3.6747868397479064,3.7777541799488965,1
3.5707469312738485,4.679585078359672,1
3.9241035810408964,3.753261747890921,1
3.8279937153194226,4.290393779774923,1
4.385415114350891,4.238953286615287,1
3.627345530138076,4.428789443068701,1
4.395272323229219,3.129085033458161,1
4.151276509340733,4.215360710686458,1
4.112420222548624,4.00122561950842,1
4.529484652501815,4.239794349037466,1
3.2073784305032906,3.649857282795559,1
3.873241654354744,4.14760177905734,1
4.025380109563239,3.390983449359235,1
3.9150830236161465,4.150195986960164,1
3.434750046678287,3.159241207912288,1
4.505011115570895,3.3635382009103894,1
4.221143415613974,3.8783313008255904,1
3.8275259231495764,4.012595858610726,1
4.889104913308481,4.018869995325939,1
4.216477415330862,4.227083161633117,1
3.586994558101497,4.540571416256292,1
4.39039263640893,3.603245952398925,1
3.4933659242823576,3.960269590289752,1
3.9675524213578988,3.1874554031697886,1
4.281825632830818,3.466428612407749,1
4.3869492036362026,4.837551389985519,1
4.408349168336329,3.0910319669429613,1
4.416481821212038,4.117361580475072,1
3.859513231078687,3.443465355487514,1
4.1138424584706685,3.7675676500174173,1
4.275170668848201,4.263363511783165,1
3.919321999486957,4.208168930688617,1
3.9700620243407325,4.323498276418387,1
4.601515197725722,3.699151824203709,1
4.084039188755439,3.720586340578383,1
3.1240240688389056,3.0631624845722936,1
4.160024608685378,3.8045804480095975,1
4.191292052594947,4.527632645781262,1
4.603335152605718,3.6744606992085895,1
3.46982651243366,3.292515686698722,1
3.3029369529371544,4.14587266595378,1
4.126737346901221,3.2351627779080183,1
4.263177035241837,4.975717364617173,1
4.055611286686521,3.4793040651145284,1
3.9354151185925286,4.4768992237412775,1
4.388100920774415,3.784227933972649,1
2.9270206734669078,3.9095044126942646,1
4.387498508995997,4.0002251581438655,1
4.2098634817958125,3.2505123973406573,1
4.006659526570184,3.300897068101713,1
5.043835239176897,4.31399443272897,1
4.194534637845515,4.064593506776292,1
3.9745326150461864,3.6437005022097173,1
4.798828609447721,3.2407170191430987,1
3.475321103310948,3.9522965477432908,1
4.165686439134525,4.291345717015024,1
3.875344093767452,3.8540966506063885,1
4.118677311974909,3.1823208492005715,1
3.901239918575111,3.035289223687177,1
4.7328586197576685,4.365125525223243,1
5.164237358743365,3.7057437020476516,1
4.477564807087021,3.9394706197444083,1
4.52968659271504,3.977395998044405,1
4.453901266186568,3.810262133057847,1
3.7646428264725262,3.7817861627396465,1
4.596615134858554,4.3482307826709565,1
4.286025682493954,3.12459285606714,1
3.4809557517648377,4.178726109179671,1
3.920216790931807,3.728588938889344,1
3.4785666792676015,4.24548349363264,1
2.602966264640057,3.186816856142115,1
3.671086167236244,3.8371550858499255,1
3.5244471106877464,4.166517094028568,1
3.1566033177107653,4.053574049168169,1
4.072058659366309,4.041672248987263,1
4.749897982406647,2.9348558103979654,1
3.805288504150781,3.995549311074965,1
3.627282331617148,4.879228575353004,1
3.3570868621063457,5.141760517441984,1
4.227813139202082,3.7513794314130537,1
4.401971698099001,2.9580330662378342,1
3.9286213856295933,4.363092926149869,1
3.7369532533675,3.486322741286792,1
2.676214856813636,3.652833921981167,1
3.536016813724747,4.0313421753222105,1
4.286943554056913,4.432635867793472,1
5.626469189892753,4.143326762598675,1
4.226184486194974,3.0638198342219676,1
4.3473258384395725,3.6566599993448863,1
3.6861214105538487,3.75689119130146,1
4.211165439287688,3.719515257475624,1
3.677812931050328,3.876207257580695,1
4.121061734641409,4.2557081054683294,1
4.201271966996918,3.5038469002035106,1
3.328750158668632,4.556040636187227,1
4.171210079233133,3.909359036556575,1
4.099217705613572,4.257579889310092,1
3.4957928530492017,3.933864259099312,1
3.4168059353195304,3.706890505169831,1
3.1963815096108057,2.8735474126632554,1
4.523064919869119,4.639775898632951,1
3.8386645945572986,3.884519438865591,1
4.318599316617108,3.5297747577348915,1
4.168559378821625,3.496623494408302,1
4.376468016375092,3.999559783413095,1
4.417286787798114,3.376032619784066,1
3.35216881134264,3.909298566109262,1
4.292554681047089,3.2633187576514113,1
2.900311220963346,4.614153757386366,1
4.001162356113484,4.8985082610827915,1
3.999656480838625,3.8146166833458497,1
3.6684739688836188,3.929460612733429,1
3.9487283592449964,4.004363316274459,1
4.578274684967687,4.715651207294478,1
4.127463246709901,4.249842434457815,1
3.8791638527779098,3.5881326792149646,1
4.101506516278651,4.739237868987817,1
3.5836837609525807,3.809755704492032,1
4.523094372839827,4.618012340173295,1
3.4752726352405494,4.791965812722945,1
4.355795236485875,3.550352984001449,1
3.9877466548550724,3.9744605401164423,1
4.901663468986416,3.3289531358510085,1
2.83659740058169,3.5838703638627676,1
3.5726317456348924,4.240757404658799,1
3.849136461129171,4.443179759189561,1
4.129925652904353,4.178119360357133,1
4.642162789682918,4.528672262751531,1
3.5111916817058706,4.044958152583514,1
3.503178037965825,4.075687229676208,1
4.254738676718761,3.9404536623619117,1
4.606313462295889,3.776187732213384,1
4.318229390102757,4.025054274431916,1
4.715821696624005,4.443073781613961,1
3.5890298256072715,3.2657821008523835,1
3.8541948103176513,4.143359095666646,1
3.566175520591326,3.774400669168012,1
3.939576243451088,3.651921274726565,1
4.584183481201733,3.8526594830280527,1
4.3121047153405785,4.320159881601144,1
4.210307115019112,4.569114526772627,1
3.7763758861824535,3.9913493829525346,1
4.806151655712646,3.6357305877556696,1
4.144928798473774,4.391632025565852,1
4.08100450486802,3.8866975973598,1
4.203436188700934,4.167578345416383,1
3.4185703034483135,4.120544374358023,1
4.106438751027584,3.8524315900031976,1
4.528078069133411,4.3181376513986915,1
3.8710822788000567,3.730429105170023,1
4.506407184554335,4.370203841338967,1
3.5380718122484205,4.400358112694465,1
3.9654588097963757,3.779983098406521,1
2.901541667141876,3.4492111774560232,1
3.4828294449404478,4.207797764329487,1
4.4122465443722225,3.477698553360627,1
3.537653547759613,3.9413006610070536,1
3.301095937733063,2.8427642986384116,1
3.3607328171662605,4.040284252613622,1
4.684937476844119,4.369676495911388,1
4.60522319095036,4.488188774049748,1
3.8008118852717723,4.770030587665437,1
3.948098654055717,4.314367915381996,1
-2.9060369616574255,4.088566314547696,2
-3.438768089122823,4.245952469761339,2
-3.0171679701592544,4.16449580346741,2
-2.693521065814954,3.4315664550270064,2
-1.9475741341487944,4.633444427908545,2
-3.431244692362839,4.40286667372418,2
-2.956791954545098,3.7894678984883012,2
-3.621402687607284,3.4625455224944344,2
-3.3249235519892104,3.7478012230195397,2
-2.629471578014572,3.6119535547841153,2
-2.7072565855908453,2.832149147667397,2
-3.03223166456757,3.158540911504418,2
-3.038659946406996,4.0066879447048045,2
-2.2927936113271863,3.934814823954021,2
-2.8631484883365497,3.7064936980714434,2
-2.5075909065922293,3.565330216641326,2
-2.883094896941794,4.647614998674847,2
-2.5176203397805885,3.770917326479514,2
-2.5126751361448614,4.254301430974684,2
-3.233171608583499,4.67026376967907,2
-2.1952777798497514,3.961673854716035,2
-3.450781685891504,4.213861493331943,2
-3.0244641036883833,3.7873043082613127,2
-2.9886497173797775,2.6657642784280116,2
-2.1381617166021725,4.729852019409965,2
-3.1882382160162805,3.3801113616120073,2
-3.28568427657984,4.449903131656937,2
-2.505970810935787,4.084398126316961,2
-3.2965044166244186,2.990807028220183,2
-2.2855991920349092,3.6853886953227484,2
-3.123702940846155,4.351733938071628,2
-2.8991022144046834,4.723913917459433,2
-2.4645777046051083,4.3975552725074625,2
-3.7202580151199425,4.3622399471587805,2
-2.4650156542138335,4.512346659742686,2
-2.015423851279619,3.893697662748731,2
-2.2914118210047474,3.883019935861917,2
-2.756624554116024,4.0640194653390695,2
-3.562658285315278,3.3194417267460983,2
-3.6674334983411225,4.137693997053131,2
-3.3601788099642453,3.9653913968556997,2
-3.4264454210091975,4.33880162055446,2
-3.033621155423064,4.439425531572484,2
-3.5646230961368244,3.425750125842184,2
-3.188079667781059,4.375561048853836,2
-3.8422364084355323,2.671790705946248,2
-3.474924064944011,3.7988226066851802,2
-2.7025730168227993,3.599342717501927,2
-2.9760180766217443,3.601418012719572,2
-2.6732888039699363,3.974292200427889,2
-2.7739699932397768,3.3849848942325345,2
-2.372899847769881,4.953388088888725,2
-3.3363133102794835,4.436890495828495,2
-2.9608636679131775,4.271081401134826,2
-3.612841896446299,4.563404324750362,2
-3.0441098494298915,3.7669814382998763,2
-2.3197092647162423,4.485652080640469,2
-2.3660075677981003,4.463097772837663,2
-3.4489806513213246,4.705806554686804,2
-3.032870139649798,4.3437204759463794,2
-2.9620878368908556,3.376767886466388,2
-2.78156812237237,4.655468828200211,2
-2.05860723798973,4.13294265303373,2
-2.5710568649006764,3.8607089818832656,2
-2.9038284835866173,4.2649558164020664,2
-2.5907658471357924,3.1834110119238264,2
-2.754952010383524,4.301236287850242,2
-2.941899514028662,3.5319700435323598,2
-1.96332367715681,3.573702073858573,2
-2.432957675566919,3.054820228078729,2
-3.3508861162135855,4.172431580644877,2
-2.8164356753206805,4.084474495563945,2
-2.6243742426719807,4.15015566746701,2
-3.40104944134931,4.563781401891138,2
-3.7124479786516695,5.062308564358842,2
-3.321903185968991,3.4889673999353055,2
-2.9506214346102544,4.4309373313142135,2
-2.100256190925312,4.728680262255308,2
-3.6330685235717266,3.583349559108311,2
-3.121576376089044,4.770629784281305,2
-2.8801343435640336,3.961347334526279,2
-3.2704456979231393,4.642638639731618,2
-3.0836949369508977,4.340062824659264,2
-2.7487224701653914,4.098472985938205,2
-2.5294070820040666,4.017248793987283,2
-3.526440402083386,4.681626895199788,2
-3.464356195413844,4.627275178941153,2
-2.237668152749781,3.3060092841738484,2
-4.209199051615132,4.45665611483378,2
-2.9907850106161704,3.993857842475513,2
-2.7494552281977436,3.17149916626106,2
-2.966621169188803,4.660119239707147,2
-2.8623651258627922,3.5367854525826083,2
-3.2899531618578925,4.078340498025601,2
-3.0275258405623586,4.542144087970027,2
-2.37311314109314,4.5309042075005594,2
-2.5966286853827643,4.342251804592209,2
-2.748497954820242,4.493985048144721,2
-2.915183121603824,4.2825709677858494,2
-3.4981273644633117,3.189277706483451,2
-2.5004559109055555,4.1471842175860605,2
-2.4742798681692335,4.325329843839887,2
-2.497246486682013,3.6181180394623134,2
-4.112496395452107,3.597464017910551,2
-3.171105158911089,3.363316056901032,2
-2.4103800236271553,5.182352184545076,2
-2.296561998647892,4.39623507363661,2
-3.3810704847001127,3.6482258171235777,2
-2.888037375522844,4.004605773607017,2
-2.4926272367235565,4.56892483641626,2
-4.042491392056371,3.6428380813187298,2
-2.91825719078256,3.1154783110518283,2
-3.0711751347305043,4.166678394581611,2
-3.1474368309064937,4.33176942977828,2
-3.259396469482937,3.914211819357031,2
-2.7649444292962473,4.946557224431675,2
-2.3193895690280204,3.28413381390732,2
-4.206161561987843,4.467810963089304,2
-3.337437942665239,5.5814387247458885,2
-2.5014720560654804,3.558214091699604,2
-2.4946535829726866,3.2820343977295017,2
-2.2304071029652235,4.895261346183694,2
-2.6779447590799075,3.5086447497447186,2
-3.5991621919730794,2.700519156097876,2
-2.8668751362283986,3.6544710299164533,2
-3.608739440054794,3.5353209961585943,2
-2.6328356586727057,4.388401447072004,2
-2.536116104133621,4.106988935164167,2
-3.650582574735353,4.298198621827513,2
-2.770401104341782,3.126318833116096,2
-3.250184515656039,4.502151484613202,2
-4.238747884706855,4.108323510246051,2
-2.616053462214165,3.695377119327079,2
-3.3450928903573054,4.445985826512296,2
-2.7445693065909103,3.7407955591588626,2
-2.920969753278512,3.170017149087515,2
-2.0766299076831545,4.9615717035252915,2
-3.0078649267327626,3.087342649848165,2
-2.904050753550796,4.057437326466455,2
-3.0398449386265565,4.0001786277685385,2
-3.166926033292959,3.4483126817660357,2
-3.6003028746800174,3.6741866586742313,2
-2.6513928143477723,3.861627857880943,2
-2.717817904959044,3.988045071487235,2
-2.3441939446653484,3.2940113575403274,2
-3.096365388295834,3.424792356722556,2
-2.470063902607836,4.121384577259708,2
-3.8438209722523924,3.610014309081369,2
-2.5470243315007353,3.5674479674583646,2
-3.708969519035583,4.201232718741548,2
-2.671616709509545,4.717084797879517,2
-2.6999898798288084,3.8651092174994086,2
-2.8163942157356767,3.799138526687172,2
-2.877029110428052,3.6569784309509843,2
-2.4048471809997367,3.4407275354376523,2
-2.8685752771531883,3.2848069906136406,2
-4.266697684751367,4.72437045737624,2
-4.030390760125732,3.559984636769017,2
-3.4168810800191727,4.044885091176894,2
-2.8035370807159397,4.306770502231956,2
-2.8171116522949378,4.502669526478021,2
-3.5900959496109093,4.033034259767379,2
-2.44643740371334,3.4896776316078446,2
-3.4674543446002497,3.577421044469279,2
-2.9810589154050464,3.6939557147207176,2
-2.849390414410559,4.334247023100467,2
-3.277556596891265,4.577257027109594,2
-2.649149105282515,3.263621557082521,2
-3.3380542558777817,5.020696493136093,2
-3.259917928223052,3.621541039106946,2
-2.920092291103688,4.7684058735647525,2
-3.005023237809856,4.322600050934805,2
-2.3317395831766783,4.19636974837669,2
-3.1026410786048544,3.3014280341896476,2
-2.719186995022755,4.338814414132467,2
-3.1292228469295607,3.6355532825804957,2
-2.7284065826621307,4.160669124363689,2
-2.596762752661311,3.889005695324502,2
-2.963496384527369,3.238739850953351,2
-2.769050144777026,3.6497278904956962,2
-3.0537522496196097,4.028979410621198,2
-2.8142802676079244,4.702939129551268,2
-2.5726397233509717,4.315506467676185,2
-3.141161888190441,3.4549044572567165,2
-3.733921168469054,3.3350497072640612,2
-3.269317453460927,3.719263387011515,2
-3.433094614386134,4.478033662152747,2
-3.326598043580336,4.526956425097804,2
-3.0602604403788973,4.284513228733777,2
-3.2889643465476013,3.8292486020297893,2
-2.62183386280418,3.945862231842096,2
-3.6976544247204246,4.446187281086004,2
-2.5697375808148792,2.9868782896475174,2
-3.2362152600744505,3.7620435812171733,2
-3.1349997406696204,4.597063908358339,2
-3.2821134540633143,4.172900576727896,2
-2.555748075332976,4.979320451236171,2
-3.348674904536925,4.008619269994059,2
-2.8093177427618787,4.07340100062539,2
-3.006496508335556,3.8530971358340596,2
-2.202275801667975,4.234902479642025,2
-3.2683807385949137,3.8564050833975014,2
-2.6369529771445515,3.6130099922032493,2
-3.119915909179089,3.5214207332464693,2
-3.3427650079059408,4.216411236356617,2
-2.786095350885552,4.14603957228068,2
-3.558145682990224,3.3746001024119026,2
-3.17313441044066,4.425050755438566,2
-3.1777941420848417,4.2714308411324335,2
-4.094286127462988,4.386596359502047,2
-3.7685224660106242,4.220545777692585,2
-2.49597692371293,4.020961671551021,2
-2.6720180021610465,3.9347037713041546,2
-3.5657694763237284,4.6410327685222486,2
-2.6359377223726144,3.344321423743178,2
-3.5629020927905555,4.6219370491006595,2
-3.4762363080813947,4.0409699656469,2
-3.1510324794658935,4.582336907103064,2
-2.938621557590883,4.036332996866799,2
-3.3525184404536508,3.685841459829362,2
-3.24818582822292,3.741698799289167,2
-2.7395667564035278,3.583655886618445,2
-2.216050891604852,3.9913603846321304,2
-3.42876555460585,3.613845434634139,2
-3.137621130476227,3.803883255412894,2
-3.229925619094341,3.7229992008293085,2
-2.7757193371033173,4.000812922039893,2
-4.141817319263178,5.115965560742804,2
-2.7272774261009847,3.27815873051618,2
-3.1932526121485725,3.079875909080468,2
-2.975538528055474,4.029802169373408,2
-3.067588818590182,3.647294779020319,2
-2.92740865237664,4.14378088064863,2
-3.3522557953351377,4.326682171336212,2
-3.3639867074098984,4.0151194716057415,2
-2.4466503984361636,3.8510094871527016,2
-2.6706120921914893,3.5410531257148965,2
-4.352580193515509,3.7605131996089822,2
-2.3022428760064577,3.5820145630405045,2
-2.31352601405329,3.782097075259382,2
-1.681698920398057,3.8350438354785084,2
-3.547439276176351,4.541480594840084,2
-2.8340947117588726,3.9764326839397452,2
-3.069059652526795,3.8703380965149305,2
-2.574252964830583,3.4189437528294393,2
-1.8552866364278688,3.640268794936217,2
-3.786577698837423,4.164600649571577,2
-2.187914267644209,4.862916793119382,2
-3.0176048921232725,3.849746905995204,2
-2.1939101271440786,3.8331580798032,2
-3.4827705443866606,4.192035139660518,2
-2.6573775370127923,4.39050499016307,2
-2.8462289350431096,3.6188506266423954,2
-2.943650592015155,3.8677406939906835,2
-2.935958159950314,3.7485329636592786,2
-2.8635960230871196,3.9841877474376326,2
-2.687133839019732,4.46169178630779,2
-3.3391209690234818,4.9508551742059845,2
-2.826687729765811,4.58038506885451,2
-3.594078635942557,4.085833150677321,2
-3.420582241086667,3.688422978922796,2
-3.1701030423645644,4.919307129678319,2
-3.378714283910972,3.2591410313142695,2
-3.532412972615987,4.6462191639820976,2
-2.2376062187439456,3.3296412639256783,2
-2.963753437881766,4.230040676453244,2
-2.5634749421666196,3.412820620373679,2
-2.6440847465933905,4.251499370142005,2
-4.04198768506278,4.149897098582584,2
-3.0986994528521,3.6734421463423907,2
-3.3221964067620937,3.8627138266836325,2
-3.1518355580664235,4.098778506602936,2
-3.589589735221484,3.916385968734461,2
-2.676568624203378,3.3258512034306937,2
-2.962310263420816,4.03473239988724,2
-3.5099125057938476,4.503602404393031,2
-3.1414207660982805,3.9819456439673035,2
-3.4896924735268504,4.178710851607682,2
-4.023063034659781,3.951077288811584,2
-3.5538993509900036,3.376410027855357,2
-3.279507319977966,5.307783899636956,2
-3.1797171957495354,3.8241795388352733,2
-2.8918393036852743,3.93661740249067,2
-2.862273903254956,4.672526030712606,2
-2.804101283151417,3.6518245981862894,2
-2.981787770797407,3.931480990712641,2
-2.149704767503629,4.237775171860841,2
-3.002834807128594,4.027962835042939,2
-3.2783026834527482,3.946989881966786,2
-3.0136644792693286,3.748459757577516,2
-2.283862419673336,3.539860462893586,2
-3.05411966791294,3.74229885137257,2
-3.374609027842731,4.296381485548264,2
-3.148471601772061,4.2053456452097535,2
-2.821214372801709,4.339379726231627,2
-2.9333392417727495,4.500578119763443,2
-2.9752106922869492,4.584725281983502,2
-3.1398084795063377,3.5029855863057,2
-3.3111069660395507,3.7616226331083675,2
-2.5551567849133945,4.47378345597141,2
9.045932694427938,0.046154942917885744,3
8.963524700739882,0.04035041284885296,3
8.981319443147672,0.042699689031128585,3
9.123868866403964,0.1380940089929802,3
9.003458500719452,0.055679295758536806,3
8.990996182229587,0.06106680448740511,3
9.006512721544631,0.0300946263041644,3
8.912309296712785,0.14380671757680863,3
8.989598849350552,0.19391748044878182,3
8.938602627704633,0.22045650806704775,3
8.937617397557242,0.23666148841625873,3
8.991295307779952,0.20829033149519235,3
8.942314693067509,0.15882447788315388,3
8.971285691530257,0.2681049738428758,3
8.980027728781106,0.2897827454848707,3
8.93289602397172,0.3309704349426089,3
8.936209001029344,0.3047708689183263,3
8.90892171015213,0.30973884528364926,3
8.926528574077443,0.42673167009846513,3
8.919431561075378,0.45932745654853363,3
8.930273690988045,0.42499383092224513,3
8.925950270854628,0.47960005377186665,3
8.850349703278814,0.4611259029055828,3
8.909039805835674,0.46107495039166596,3
8.80928766917024,0.506265930227096,3
8.856794231657316,0.4748451464439532,3
8.860436533220613,0.5601484956393794,3
8.915752316997189,0.5905396137057544,3
8.826017906721084,0.5812485278712695,3
8.898284669961189,0.5685271902418416,3
8.851228234263715,0.5989950945748213,3
8.72604190595153,0.6104407942893754,3
8.738766440408149,0.7242314388517777,3
8.854937998170913,0.654288877256847,3
8.747446908650115,0.5773777188292356,3
8.744108476929943,0.6686812547200411,3
8.705205322039573,0.7890529059525557,3
8.717641546520227,0.587665003334221,3
8.727880355776671,0.7683130928892807,3
8.729150543977303,0.8006806824770708,3
8.726021969028235,0.7906850002995213,3
8.632857490517502,0.7791671403946782,3
8.593230163661689,0.7380437609901304,3
8.607070622451255,0.7967081717901057,3
8.60814111042734,0.7780215881787831,3
8.622810163599803,0.8621644099185943,3
8.609212445909165,0.833723392612614,3
8.548354142649671,0.7987002147043623,3
8.496491398207036,0.8106652222330426,3
8.441071836571519,0.876952409004861,3
8.516947322830406,0.9305710359991908,3
8.492935551764704,0.8059829358697822,3
8.432816878634432,0.924320770667032,3
8.372194050987009,0.8552218903708518,3
8.45111877066791,0.9005641566459553,3
8.40317788880643,0.9683080131019182,3
8.478199684500229,0.8195653763753101,3
8.351436206375928,0.9479846679633306,3
8.30566417637953,0.9903297990905982,3
8.387152516342807,0.9479169779469028,3
8.20319095787384,0.8961664174374371,3
8.2077587943914,1.0245710471895741,3
8.29211514862284,0.8698399066083009,3
8.174218940231547,0.9893809615144344,3
8.268375726234511,0.9833641638400288,3
8.201698357047524,1.0182244510079657,3
8.29337675350865,1.0307025906843752,3
8.094096337404473,1.0034682664102141,3
8.147472693072988,0.9688990579598881,3
8.155072708656586,0.9709951456165211,3
8.097765679330085,1.0141301225734638,3
8.116800177722117,1.0405202221737004,3
8.037563969543326,1.0152313826617023,3
8.001832352823486,1.0587282265616103,3
7.93467177850538,1.0651534417459028,3
7.958394586875755,1.0496450686900407,3
7.969231321320743,1.0022809814294622,3
7.94313541281558,1.0393183582190468,3
7.85850647123173,1.0398446104420778,3
7.932411893774523,0.9606638788584935,3
7.893662202874433,0.9439738180767343,3
7.826691444641513,0.9753804854927324,3
7.844222141055609,0.9101165752629726,3
7.819220985828387,0.9792917687697626,3
7.759281913726875,1.0185931133040984,3
7.833117694216892,0.9310453556079943,3
7.781469313941601,1.0230096461874214,3
7.76927172271473,1.0608817186091863,3
7.768307499703265,0.9818773349818629,3
7.788525646673406,0.9766024664637368,3
7.714435557714008,0.8935684136818002,3
7.654106977648126,0.9130756918600086,3
7.635579624261081,0.9167554911179108,3
7.595648290814801,0.8851201504783714,3
7.50187567636356,0.8989554731237154,3
7.633410324195471,0.9792804258435656,3
7.556213199122841,0.9699844575853983,3
7.508788571008764,0.9642787113999344,3
7.4375537276520856,0.74813660120265,3
7.478180495043339,0.8439678503063515,3
7.525307764467934,0.9448625134916513,3
7.532447156956009,0.8821418201638954,3
7.4846128409722095,0.8170356224511605,3
7.410332451920277,0.7984672456255303,3
7.4153341426013055,0.8467498712982854,3
7.427337776599404,0.864379047877257,3
7.441159501327743,0.7909233747888261,3
7.382322805689261,0.7931843622074638,3
7.340735844014555,0.6298514162373904,3
7.338636291139836,0.7995811586544754,3
7.330302641937355,0.7003462819756915,3
7.27270181293633,0.734506315000139,3
7.35572780084277,0.7399655954278515,3
7.335035278030379,0.5560001435694317,3
7.301170575983256,0.5406324235785791,3
7.257747045175467,0.7059181249718094,3
7.348886007211425,0.6818267823993882,3
7.283567248886931,0.7505373031356877,3
7.236460825490219,0.6009314112168487,3
7.283156316295791,0.6075484116193565,3
7.2220699203174235,0.629680640449333,3
7.168868805896789,0.6103116293926819,3
7.089500833823436,0.5990495669251878,3
7.1433192632128515,0.5956531696912601,3
7.1993003031366065,0.5730083381904558,3
7.104067111499494,0.4495574992797818,3
7.099706981252361,0.49655910675298714,3
6.997993568761958,0.31974386551448175,3
7.163461484217925,0.38150221070200385,3
7.032618118152512,0.43384273067721224,3
7.045716882566181,0.4255847321489768,3
7.046697510044875,0.29172665834397227,3
7.104183474458306,0.35712826932303926,3
7.136356172846938,0.31698320885214937,3
7.039874098304365,0.3075588466051035,3
6.910624346216121,0.3161257489228785,3
7.051580634076763,0.24029836894851148,3
7.098557285435147,0.1131201853412814,3
7.04372612030587,0.2774762764278233,3
6.90912170766002,0.12411487098342384,3
7.034594217584581,0.23547045115782939,3
7.138449974360968,0.10881105518088623,3
7.076590888958345,0.1455343458711164,3
7.021259922934056,0.1656282077967023,3
7.009880262202371,-0.006717540115395687,3
6.926173782635537,0.016877128208292513,3
6.919017801314407,0.10591065527222462,3
7.0365791720290485,0.004795047316245506,3
7.00981732493411,0.0501352466223069,3
6.9549759264020725,-0.0034292194359559895,3
7.992397099198968,0.5901580902688203,4
7.951149054254223,0.49558759219714177,4
8.026440559143586,0.42674249589869095,4
7.88989550798211,0.4512303797945487,4
7.980668938405008,0.38012996810097704,4
8.042588923642583,0.43145250278447955,4
7.946109579401096,0.3206786219428427,4
8.07116984099918,0.34058498612992466,4
8.103414394723453,0.38104105636066843,4
8.043116993292353,0.3351934933591525,4
7.982873135828695,0.2913408796582039,4
8.007720454851352,0.27505356852882046,4
7.915146298560926,0.22569233468781774,4
8.023305107362221,0.21312266289891962,4
8.076997006342484,0.18540379651397643,4
7.962611520934463,0.18944734294482998,4
8.082298205620832,0.09595059313631234,4
8.118763553968266,0.12842575392205247,4
8.097225281891959,0.22724426889141475,4
8.061930179579877,0.11873747334225095,4
8.122311566773478,0.1347323608275835,4
8.067546117307776,0.09174222795008932,4
8.180937559989097,-0.05438746408489928,4
8.016347296722737,-0.06323466981954912,4
8.097660930886516,0.001938110914088187,4
8.14457898823933,0.04136251011360849,4
8.139624977525,-0.0377472112593136,4
8.152508735745531,0.020000227589400232,4
8.199691356665971,-0.057679989859495684,4
8.305978148669293,-0.07825527359876333,4
8.105432013030395,-0.13935643543095746,4
8.284722043498153,-0.05703525059791271,4
8.226291678277455,-0.14067975856332965,4
8.277614697455515,-0.1855864948153466,4
8.318040364958945,-0.0879505249682265,4
8.240891822975925,-0.17563624562765603,4
8.22255978959288,-0.18720550290576016,4
8.327950110072738,-0.24210330472614255,4
8.252991596598012,-0.26771005787677266,4
8.264775405142919,-0.17229021566575217,4
8.33185490628682,-0.20413631204289903,4
8.37063961831647,-0.31160705291550717,4
8.332909297996682,-0.2798638596805553,4
8.349755517274083,-0.22919791010929047,4
8.377083773518896,-0.3183924402095499,4
8.420917948236568,-0.3147485027858969,4
8.394745561245818,-0.3290900975404542,4
8.416556177815963,-0.4095506073790231,4
8.500682717988523,-0.29983585366752474,4
8.543991946476293,-0.31428553053759745,4
8.649530555199506,-0.33538926690237114,4
8.603958938522736,-0.4195102035343803,4
8.554835297290394,-0.39493028100308725,4
8.674714274707815,-0.4257926137164598,4
8.581929530587297,-0.42602738706905735,4
8.630834675039381,-0.4625708209083589,4
8.601937899906899,-0.40572932693481883,4
8.559410235071628,-0.39688059386547087,4
8.638298018192726,-0.48976227914448944,4
8.720889695316698,-0.4383678277717546,4
8.728520769509455,-0.46082056174276553,4
8.748804872121081,-0.43308602640746247,4
8.662076568731212,-0.3432263497371,4
8.676691272628066,-0.42665540585940614,4
8.740744705273956,-0.48475071184794094,4
8.749213624989256,-0.42436720065784966,4
8.796909330805477,-0.6206479365677996,4
8.844776535730261,-0.45422746274234027,4
8.867102968079532,-0.412326873702911,4
8.73617509561469,-0.5668270821379826,4
8.942947227087776,-0.5376223891782922,4
8.896572446745818,-0.41520319391673993,4
8.905818778723365,-0.5300259464475103,4
8.860988130108524,-0.4975662997189634,4
8.983078486090854,-0.5552390322008034,4
8.964572867954857,-0.4188779501231213,4
8.961345831520507,-0.5404889204305162,4
9.085317750685402,-0.46331706346295465,4
9.13826708465063,-0.46822054871265817,4
9.097058877066459,-0.5263143097701137,4
9.096027576475846,-0.4365778673620666,4
9.08539582830252,-0.5280995940118542,4
9.174289786122287,-0.4529333849981711,4
9.235245184881945,-0.5454886881880927,4
9.251059300066885,-0.4091118614056355,4
9.145607882141032,-0.5206481684732005,4
9.240667077034683,-0.4325260234185895,4
9.296411536555738,-0.5102230741726121,4
9.310188537377153,-0.4627081855636307,4
9.248165786552054,-0.37654953668753777,4
9.298876292585513,-0.4305925841895766,4
9.358377968013633,-0.4992830145539047,4
9.305597513503482,-0.3312374909025171,4
9.392391941382263,-0.42942593693929004,4
9.392235799074099,-0.42188018379006675,4
9.388895746546426,-0.4737256193326243,4
9.490715945408036,-0.3614666418407513,4
9.536380175405753,-0.3658297472630405,4
9.542809491162703,-0.4089689806333276,4
9.520083842314099,-0.3740929081728758,4
9.508070845694329,-0.32284658213342227,4
9.441016978744031,-0.31073565602908276,4
9.488592226722083,-0.32990176744122135,4
9.556702722270934,-0.2945287132689062,4
9.615068630921861,-0.3466725695539487,4
9.587362212488946,-0.27222691195453463,4
9.599264369149115,-0.19774468038510576,4
9.598836239259853,-0.23187931399210002,4
9.666736719787323,-0.2680036432213146,4
9.654031583800968,-0.16722144335649725,4
9.682396835143793,-0.22145250787408885,4
9.755686185399915,-0.29201886602188043,4
9.645059843546015,-0.3006328483217091,4
9.709261321070231,-0.1761396115279339,4
9.711094372143027,-0.12020685684598469,4
9.750478060592092,-0.21364132337341116,4
9.751423030012807,-0.08405195169728064,4
9.790065315549622,-0.1991774107153052,4
9.80138758073537,-0.10503677435986561,4
9.744717186057253,-0.11085060546398817,4
9.852105684254777,-0.10296316446884557,4
9.871922982939413,-0.0557251789914363,4
9.881276529861012,-0.019260574020711775,4
9.868144695020286,-0.04141258765227494,4
9.935131151477801,0.044993918537140055,4
9.85716531782992,-0.05475425395393253,4
9.940625799424172,-0.03967478479321644,4
9.951281252507378,0.06168623769192662,4
9.896115796498862,0.07155395924111096,4
9.95143487041066,0.0024093929981399143,4
9.986958451028864,0.09069291514969598,4
9.915825178054137,0.13741981720569368,4
9.889614592428504,0.15395445606837693,4
9.88613795705022,0.22809297252001215,4
9.955113395345633,0.20213179164423503,4
9.93649434555973,0.2425326785534751,4
9.96419356187192,0.2118199880914431,4
9.983100151782944,0.23543274302200506,4
9.96987887811089,0.3257129882307438,4
10.076580568594744,0.21106519510154315,4
9.967478706010372,0.2503102955458039,4
10.020563491028712,0.2864393815781905,4
10.039097474264066,0.39641441014642426,4
10.004256830081005,0.27153738842473585,4
10.017287106146835,0.35950577017857993,4
10.045625989484048,0.46783781091187976,4
9.998502261404589,0.4017831808340665,4
10.030382550308055,0.3717231311378075,4
10.01749714971788,0.5179911880808653,4
9.983789796905572,0.5076649815121401,4
-6.951767540564717,-2.020971830107012,5
-6.959396978386999,-1.969684364222871,5
-6.946688480093828,-1.8996477753833807,5
-7.003352254856222,-1.8072451091291601,5
-7.050908987141663,-1.8391928415214214,5
-6.924664751286972,-1.7819328236709335,5
-7.087781694908404,-1.7321403105577013,5
-7.061012425112798,-1.685360529852824,5
-7.036248902569087,-1.6898533347873865,5
-7.111187053414929,-1.6386815263361472,5
-7.050327774235763,-1.5525623800990598,5
-7.099943834201511,-1.5546926995262973,5
-7.134974946812012,-1.585025856058568,5
-7.116258330048062,-1.5345380704788592,5
-7.272951762837986,-1.4236283835336563,5
-7.227941580063672,-1.452660126876427,5
-7.127382035880331,-1.3752968544096125,5
-7.280349469993518,-1.388518224073469,5
-7.266332107328473,-1.3554510607644978,5
-7.303712523163483,-1.2646549581517743,5
-7.329264751445298,-1.2536845026062324,5
-7.349073971628426,-1.2720397905025735,5
-7.364590573706054,-1.1993269002782425,5
-7.479060756776783,-1.2955959897014369,5
-7.538310889083053,-1.1461929127490267,5
-7.524696081321375,-1.140441144043642,5
-7.5470449170311475,-1.1149837898966177,5
-7.626831837464576,-1.0608474880934573,5
-7.609792805507585,-1.0637167266743286,5
-7.726951190274786,-1.0819958445330846,5
-7.664669965563394,-1.132845555157107,5
-7.692325951423865,-1.1046378591173622,5
-7.770581724258811,-1.0906220903995927,5
-7.838269523021139,-1.0693898035429088,5
-7.89178804952692,-1.03862267399894,5
-7.991376490710023,-1.04341199609284,5
-7.93494919001248,-0.9371759132455901,5
-7.974368198267752,-0.9250154263986927,5
-8.033352558505792,-1.016753472919153,5
-8.118090542264843,-1.0322970600264814,5
-8.076891410269367,-1.047701644515492,5
-8.072520757944835,-1.016182416506338,5
-8.204180049491617,-1.0321148363306518,5
-8.333384614406535,-0.9057611431877111,5
-8.297871332818797,-1.0072505780814636,5
-8.236729926559619,-0.9758330161481528,5
-8.399181465658721,-1.1910093911115118,5
-8.353504833564898,-1.1543940012468368,5
-8.474562350825934,-1.0999388835827215,5
-8.439656541706297,-1.124990452238708,5
-8.522633504701986,-1.0996182242601131,5
-8.522095135144642,-1.2307267252807148,5
-8.610811746988908,-1.1960665134962774,5
-8.59271253838343,-1.2620062792350126,5
-8.646833968021927,-1.1456206150778687,5
-8.734311178607602,-1.2618826709798883,5
-8.67167599448964,-1.3003351201297755,5
-8.720999872264057,-1.3333049353514626,5
-8.746852175433412,-1.287719615976422,5
-8.806285766051388,-1.4181049318125085,5
-8.800100167689788,-1.4491061742331648,5
-8.778109090777065,-1.4228759117303809,5
-8.801340503369012,-1.4901000716786226,5
-8.881009166540373,-1.5222428596871733,5
-8.976883484366176,-1.534785594750125,5
-8.845067954948675,-1.5798359916237423,5
-8.894441308189291,-1.676855267320625,5
-8.940424827529668,-1.691071277104841,5
-8.896150323184752,-1.6831419519918331,5
-8.906125201548752,-1.8098340040164578,5
-8.939889781223934,-1.923305267247958,5
-9.018363321531414,-1.8573097747434235,5
-8.89902158738165,-1.83467727902741,5
-9.084302247560743,-1.8737890171069336,5
-8.949631486118427,-1.967538351196817,5
-8.960461714664921,-1.9772942564705258,5
-9.035672382140744,-2.0322477269031602,5
-8.954884682500929,-2.1622776915800466,5
-8.902150864103579,-2.2388804273100398,5
-8.923275855226375,-2.2353913995117902,5
-8.973577155374178,-2.1821870674315855,5
-9.109062570887478,-2.2448919247103984,5
-8.995642301622059,-2.3729573586769668,5
-8.977575667207677,-2.3544856320439407,5
-8.933123355479962,-2.4037310236304172,5
-8.96186657710346,-2.3381139587347475,5
-8.780238600291272,-2.5356409859737195,5
-8.825151041065048,-2.5363815422475753,5
-8.806634693145245,-2.6066932828706033,5
-8.785594315819559,-2.4755935344376634,5
-8.833124656153814,-2.535052500418877,5
-8.752474439729452,-2.707059840589312,5
-8.73580411671316,-2.7539940587791447,5
-8.654138645750994,-2.6765654837525594,5
-8.770741672409589,-2.76860409045459,5
-8.635263172350115,-2.744576402050462,5
-8.576932150025007,-2.823618228342375,5
-8.57758029021652,-2.7048728188598066,5
-8.588466510525054,-2.804494017713838,5
-8.509378631245772,-2.908986266600208,5
-8.502942478864222,-2.854168117027894,5
-8.512619398685594,-2.9292677074802422,5
-8.329097540689096,-2.9139098525263893,5
-8.411588941545622,-2.986561358095739,5
-8.260857825907777,-2.99406137769341,5
-8.178532211430912,-2.949417653282669,5
-8.30408276249926,-3.0048221555030166,5
-8.229432959208417,-3.0249387044320084,5
-8.179179889990774,-2.993289324625029,5
-8.090413706895456,-3.006289567823389,5
-7.999836677378943,-2.969067433260317,5
-8.062664165699488,-2.9715722306423498,5
-8.109187007059758,-2.9908388845103673,5
-7.944605088891327,-2.935561089297627,5
-7.9122950543606265,-2.964438260426255,5
-7.894750032493758,-2.967991195993087,5
-7.726634867567959,-3.0237596981606094,5
-7.761124618979338,-3.062923738282068,5
-7.766533849099826,-2.922512388018296,5
-7.736073765108319,-2.9198250446765295,5
-7.629527720361921,-2.9752475896278447,5
-7.546138609663416,-2.9361998144408292,5
-7.5911684372164165,-2.7807276002115358,5
-7.394406799630335,-2.8256663124596546,5
-7.504128848429058,-2.934533419522862,5
-7.465257694920479,-2.8753586157988904,5
-7.440489246579781,-2.956243790431185,5
-7.390687204495863,-2.7961697770108676,5
-7.347358797623182,-2.816501323448383,5
-7.328676778145133,-2.600392860817467,5
-7.293066947262082,-2.748755036855204,5
-7.364513242219704,-2.6360162139414607,5
-7.235352663454973,-2.775084513333951,5
-7.192343395724176,-2.6437201343113124,5
-7.322848666678994,-2.512005288862567,5
-7.177256807005909,-2.628268242316787,5
-7.148257726478695,-2.599638020509479,5
-7.144155180206845,-2.5469213128065107,5
-7.043692413800538,-2.3747232021902827,5
-7.053769726773995,-2.3250740543249457,5
-7.135246858424891,-2.3420187955566876,5
-7.136563249217086,-2.262856747821599,5
-7.0983521378093535,-2.2995672344606666,5
-7.00903259452606,-2.326392173756006,5
-7.053833751971917,-2.1611500043891256,5
-7.013126057001656,-2.1461178435818447,5
-6.971233278973857,-2.1646264602676397,5
-7.015452377500831,-2.170506126740355,5
-7.0323865818598055,-2.0694922558692443,5
-6.986299246863193,-1.9719301808483596,5
-6.031737044046284,-2.039071604094533,6
-5.976863445255562,-1.9040811963190034,6
-6.008536240241619,-1.9103857550089256,6
-5.968977704679602,-1.764170398246516,6
-6.071406738626081,-1.7097192059054436,6
-6.068857268893121,-1.5935511015484662,6
-5.96811895012688,-1.490092318983786,6
-6.147089007034735,-1.4860592605334864,6
-6.188591963564665,-1.3789295028321795,6
-6.133718307290136,-1.2515644246586808,6
-6.205752982490949,-1.2014661634436206,6
-6.22576929344934,-1.1997448328961096,6
-6.2903402338375916,-0.9233806009245524,6
-6.3321131535542445,-1.0461757318740421,6
-6.26564036517096,-0.7860399671743798,6
-6.384648779540437,-0.802386981735701,6
-6.3979503539806055,-0.810371988507004,6
-6.511278330629658,-0.738439453696762,6
-6.546167650121113,-0.5445049215302178,6
-6.534198946118959,-0.5432238880549891,6
-6.64966373892573,-0.5379266021509383,6
-6.696303689954536,-0.42998269979178305,6
-6.774941554269431,-0.46396693414360524,6
-6.856280783668354,-0.47347918585622883,6
-6.936903133372966,-0.2336429937099549,6
-7.044827578305872,-0.2733095786998099,6
-7.098456290822597,-0.19861200395635614,6
-7.116320528695491,-0.18589888610709737,6
-7.275707880346043,-0.11498666009832714,6
-7.349838078155436,-0.08278793034965704,6
-7.346546833130602,-0.06653290573422455,6
-7.524049302776783,-0.006759060675524564,6
-7.461105507373353,-0.05987384219042302,6
-7.656996059580413,-0.028307434902540285,6
-7.72138571263618,0.03737098109916648,6
-7.861616846879391,0.060744752392133616,6
-7.864797871150069,-0.10487253126260043,6
-7.930262369924743,0.00628715061808105,6
-8.063443558886991,0.07993253296755842,6
-8.20059553730441,0.01097888131376834,6
-8.317726738000705,-0.05975245631771475,6
-8.251220166272027,0.03331125626173126,6
-8.359068971973759,-0.0538208973577079,6
-8.567375502968426,-0.09543237146319683,6
-8.549886384520851,-0.13056752086936219,6
-8.574239132097482,-0.03343910879908796,6
-8.767798593328497,-0.10148339317363542,6
-8.7160159966631,-0.158469048603882,6
-8.850355780880955,-0.12873834107129745,6
-9.027082613385433,-0.20906490760337393,6
-9.066474538867917,-0.323507935619163,6
-9.083482712053721,-0.323631549532005,6
-9.224968963835513,-0.3910284930160397,6
-9.240406312497305,-0.3925134735979696,6
-9.333344706335073,-0.5202634628136176,6
-9.494227588551414,-0.4890077452376065,6
-9.367432232490472,-0.5942688880228266,6
-9.422553245689109,-0.712307653389824,6
-9.622527452440973,-0.7381284981487171,6
-9.58063991724406,-0.76220394325592,6
-9.645793689125288,-0.9027632924272382,6
-9.735300523820406,-1.0133792072524446,6
-9.689653480432668,-0.9280985540685993,6
-9.78618343310331,-1.0295844230756015,6
-9.799461330213544,-1.1787709454533746,6
-9.767112545584299,-1.2382021370830836,6
-9.898982217065944,-1.2384220361599927,6
-9.943250255611911,-1.3359451545066112,6
-9.853128968411983,-1.4492283294820099,6
-9.992196254151654,-1.467368404572455,6
-9.91840522908812,-1.6266888231445402,6
-10.02158227449447,-1.7118201166887017,6
-9.95988255316479,-1.7677702245941043,6
-9.946828293117218,-1.89417717126066,6
-9.977055976591405,-1.96065207715271,6
-10.020904743563653,-1.9644075416393838,6
-10.007157388797783,-2.173970890969395,6
-9.992030294336306,-2.2707405405185446,6
-9.882267151747344,-2.3328330332065192,6
-9.96260591920794,-2.4335238727379984,6
-9.9463877728819,-2.468952842517723,6
-9.945504856746247,-2.510114193710516,6
-9.812098732874396,-2.6340758124254924,6
-9.856627432487358,-2.6557029584762026,6
-9.85471069678556,-2.796764091807589,6
-9.881727610264228,-2.924572526330339,6
-9.690415035449508,-2.870099794284728,6
-9.790246227660287,-2.970394645405,6
-9.642577268877128,-3.0697175501731846,6
-9.608321647541965,-3.201144741441041,6
-9.591174003336985,-3.0923427311663154,6
-9.545843745382394,-3.3751175640212416,6
-9.580988302106357,-3.432297844950305,6
-9.335221458799262,-3.3779960218442566,6
-9.387489032763643,-3.4536163555032964,6
-9.203980141253231,-3.5258080441047595,6
-9.385236925561879,-3.6047068977298435,6
-9.123193663271525,-3.70766231083768,6
-9.122082338850525,-3.6932380303404813,6
-9.10253397184829,-3.790068793654303,6
-8.946239673913222,-3.751228147160058,6
-8.863918985955355,-3.7768952355290066,6
-8.809886478715093,-3.8301789828923143,6
-8.711201781780334,-3.8665796554954,6
-8.64554280714346,-3.9375020122392677,6
-8.560890131673377,-3.883141091256343,6
-8.367970081708878,-3.880245535040819,6
-8.379408535496323,-3.9683217749886603,6
-8.307512094640114,-3.938216095034002,6
-8.223830885840835,-4.090385207099451,6
-8.119983417532778,-3.9383762778309066,6
-8.122050705378015,-4.07530676530416,6
-7.9627815031287055,-3.9104521133898427,6
-7.8434514289862545,-3.9187745730922785,6
-7.796349575953039,-3.987107046991059,6
-7.753347882634014,-3.9344825523833613,6
-7.6432900375421715,-3.9839477313341085,6
-7.621811041553758,-3.931357269349297,6
-7.464312782597058,-3.966553988837496,6
-7.385292321925743,-3.921727844969856,6
-7.173241702490502,-3.8526389365644977,6
-7.2102631209944885,-3.7803988598892904,6
-7.201989396198997,-3.834108001926188,6
-7.022786567790617,-3.791764347914889,6
-6.976866287793863,-3.756019971637526,6
-6.957488833752063,-3.679104809345655,6
-6.9499067276276305,-3.813796926177379,6
-6.8246065974017815,-3.6317775399278314,6
-6.688315033510726,-3.5395450420757557,6
-6.664683951885387,-3.491810685665729,6
-6.630014214173271,-3.4485781411678422,6
-6.598459698881787,-3.444767238654668,6
-6.413015944364043,-3.2740954917567118,6
-6.431223938949758,-3.2083657621244903,6
-6.365054428654699,-3.1731239572220664,6
-6.411172708396636,-3.151421703672473,6
-6.322292180224983,-3.1447371067910064,6
-6.276637981769069,-2.9318510013361916,6
-6.153298140162146,-2.859917527051815,6
-6.177580276193343,-2.7604553815357544,6
-6.152961436096916,-2.675415480926206,6
-6.124042263706528,-2.690629346839445,6
-6.1156743074702735,-2.5291647649504143,6
-6.0438617108170565,-2.5202151453854884,6
-6.006640028050631,-2.382865995265165,6
-5.986068732755024,-2.382084770961526,6
-6.081658954719833,-2.242714902784177,6
-5.9838852081993466,-2.238597787198759,6
-6.153308127225844,-2.090872486081625,6
-5.975505537776995,-2.030841690412671,6
0.03694794691492163,-8.015009274552105,7
0.14398194095423292,-8.111234020390462,7
0.0445599171586576,-8.039885699386724,7
0.0474120440315877,-7.9918642096281465,7
-0.028161906113398947,-8.005701686269665,7
0.023590546639386034,-7.951776752952793,7
0.0498922691234687,-7.896552687628836,7
-0.005861662451955383,-8.031126439708695,7
-0.00041146202977065255,-7.999114558656225,7
0.027629512177156368,-7.9566547909803464,7
0.01751017702493804,-8.074082431063019,7
0.0664282656073634,-8.021502970797549,7
0.1282608718438179,-7.943924696831704,7
0.004501024519358417,-7.900931728971914,7
0.08146730855421175,-7.972698384388929,7
0.04579938647801224,-7.938190461140561,7
0.056182840555592,-7.888808244224602,7
0.09103784501424447,-7.987386821130946,7
0.05121566338335366,-8.073321829593201,7
0.08810951702059489,-7.875612082798442,7
0.017906138304202554,-7.908940891881096,7
-0.023357095644369517,-7.931516669605902,7
0.11878319323154429,-7.969607043335226,7
0.09700020404002499,-7.855860263849499,7
0.0615958085292513,-7.905018198184559,7
0.04227089286368332,-7.9651670354546535,7
-0.004069725103039067,-7.947211268825657,7
-0.016253580746918357,-7.854159100001076,7
0.07105864700732459,-7.8639843463399695,7
0.07066448299749453,-7.897231692137268,7
-0.021417663524022364,-7.9161832168506585,7
-0.052268234473278774,-7.891717157704892,7
0.08196554533573741,-7.884296125875613,7
0.02505920859356191,-7.770962090418151,7
0.0008722681354210206,-7.816837759119051,7
-0.006902720160642544,-7.837093806024296,7
0.05935992151264591,-7.843692464061861,7
0.06845671822705678,-7.8901285401946994,7
0.03721354371703016,-7.832607298847115,7
0.022842512321202706,-7.828742255735589,7
-0.021862443208896267,-7.721578509875071,7
-0.05516471001824666,-7.878762723154639,7
-0.09053189764901765,-7.797006506534122,7
-0.13566591456831914,-7.807896020711572,7
-0.013236989966852401,-7.749457533737001,7
-0.0827833044571245,-7.769184864756141,7
-0.16522136061040443,-7.870280589411823,7
-0.12617349934078806,-7.78097894582053,7
-0.058939576057904584,-7.8609280785117495,7
-0.12323032749703985,-7.812213296156138,7
-0.10623737120323072,-7.75870622407958,7
-0.13069236317315888,-7.753320649032876,7
-0.1725507214899343,-7.83200963890327,7
-0.119368768666678,-7.750593673669919,7
-0.19211627696855973,-7.832359018352644,7
-0.14835744492853647,-7.859679699873971,7
-0.0477415267494566,-7.8125063107187,7
-0.21502770291487458,-7.91026741533056,7
-0.23106139213245974,-7.87750168989701,7
-0.2013515479144799,-7.854575360575283,7
-0.2107598636068126,-7.856603247093067,7
-0.1861116527539429,-7.842523257315002,7
-0.21622510533437594,-7.8357824846892346,7
-0.20999461953603285,-7.841898305533926,7
-0.2477103220612601,-8.008742841492793,7
-0.221310647231588,-7.834289479976286,7
-0.304899235891564,-7.9364025305824235,7
-0.26209589060089716,-7.8756439675532866,7
-0.3114848685148261,-7.989037189428917,7
-0.29576875297549615,-7.841738214258196,7
-0.3116054161049896,-7.912852934271474,7
-0.2252651816682803,-7.97436136591372,7
-0.2663716093135123,-7.9712196462043075,7
-0.3652679497388722,-8.067366878316,7
-0.26487779222237817,-8.012750499399273,7
-0.27432254957451374,-8.051636586775656,7
-0.3611930335544772,-8.013983946033882,7
-0.2886056304378062,-7.982821437708697,7
-0.44287305281130473,-8.043483758630572,7
-0.4268560139986973,-8.199494194315971,7
-0.3561782316495416,-8.01998774721918,7
-0.26479997735254934,-8.107070579745333,7
-0.3163969414477655,-8.017836513345948,7
-0.27794604900218634,-8.178842079443404,7
-0.3235815827568912,-8.149148073561989,7
-0.35961415628770643,-8.127641023457384,7
-0.30059810920343677,-8.150845584181006,7
-0.4483316562469828,-8.135175057833845,7
-0.35775612884162067,-8.186859754022413,7
-0.3017711570422302,-8.172879482213677,7
-0.32055855963723606,-8.217051255058733,7
-0.28453808077236176,-8.229939117063047,7
-0.2656926048961169,-8.274704757681281,7
-0.22106744559138414,-8.249617864598568,7
-0.3278861418464969,-8.292186099039037,7
-0.28927596081692863,-8.366734444043782,7
-0.26750768590769913,-8.289571864701912,7
-0.21796311913578664,-8.330936404613913,7
-0.22291172929681455,-8.28881721398595,7
-0.25808738475894866,-8.381433381562141,7
-0.20673235355296088,-8.376306186912636,7
-0.22023518300206946,-8.303715578750868,7
-0.11767636787818969,-8.428199076178672,7
-0.13889812847351898,-8.457889266160741,7
-0.19738141147692234,-8.426297408679583,7
-0.1762676565891632,-8.361111340781541,7
-0.10817569765705834,-8.400778781974097,7
-0.08156351791364733,-8.437385180331018,7
-0.007824647883000316,-8.490409053390444,7
-0.12763952060433864,-8.455595312473859,7
-0.04364261959055229,-8.446682887873845,7
-0.009526922422729527,-8.536356256433372,7
0.009987082380938752,-8.433114537220288,7
0.06188025120102855,-8.41863127226055,7
-0.015150382065322793,-8.446658832219974,7
0.037207880653490094,-8.498496333336824,7
0.15853825222956497,-8.432329465841637,7
0.08736501963565939,-8.358381384612118,7
0.17749442500378515,-8.486655966948947,7
0.16569708155178106,-8.420573006720815,7
0.03315566045450105,-8.621138345398231,7
0.19734974221511534,-8.407039759108782,7
0.1607005512093037,-8.430646174257735,7
0.2822849192996018,-8.48953487916057,7
0.28666173859345856,-8.52151334888894,7
0.3717993337652939,-8.486539054219403,7
0.2312576663502901,-8.424550651497677,7
0.31234226662972175,-8.413675589835632,7
0.26675458632459004,-8.465595317103691,7
0.39621626706696716,-8.384947426729822,7
0.33523506977711875,-8.470678173733624,7
0.4236357505490196,-8.397584557816492,7
0.43643324661285704,-8.406509253252892,7
0.409405833037641,-8.330136164950558,7
0.3722987721781044,-8.440539286161185,7
0.4323897333995074,-8.313963282264929,7
0.6130623009048988,-8.276390002680264,7
0.5519075732271723,-8.300349002594148,7
0.4914987512358032,-8.283651199450182,7
0.587400701718397,-8.245017449410065,7
0.47423664275728095,-8.197316854872536,7
0.5882445366775483,-8.194597670834765,7
0.5687574245633497,-8.203864768090346,7
0.6509252968725421,-8.203916046917266,7
0.5251396465870435,-8.154072333256494,7
0.5557096929488955,-8.132351267063893,7
0.5997827834495089,-8.170002375563033,7
0.5710007873085209,-8.089273580044724,7
0.7020141188284282,-8.05857437723874,7
0.6781000415340889,-8.021360966013535,7
0.6083416803002593,-8.013279568241243,7
0.5003946447571359,-7.868983241318035,7
0.6783915595077115,-7.9460983162383325,7
0.6152676626492671,-7.940692152965345,7
0.6188509525299981,-7.929517592391119,7
0.6431641202688927,-7.875992740670014,7
0.6512488164726182,-7.882892580519094,7
0.5648208883865778,-7.672563414904927,7
0.5915072316215936,-7.809022081130382,7
0.6306111090450514,-7.761849294728742,7
0.6383915034498463,-7.7033391314600514,7
0.5712825805368089,-7.786464759753592,7
0.6842918762711045,-7.733416469950832,7
0.6691491930509496,-7.6352464749717255,7
0.6430546324402235,-7.6098451033962355,7
0.5396258182245297,-7.635394257420137,7
0.5386059004489157,-7.508765706083824,7
0.4670304994651344,-7.47133202153961,7
0.48854657375824956,-7.527040804893288,7
0.4207546778402933,-7.620025538862853,7
0.4634302692105811,-7.511067849356153,7
0.42783263507060687,-7.377854417926655,7
0.38391496281382365,-7.415944519007599,7
0.5146411870296906,-7.407230730853978,7
0.37966339309032,-7.3235880459521425,7
0.38343971806020527,-7.295690772776082,7
0.35870581512711147,-7.368813578357165,7
0.358912798763529,-7.288622238738917,7
0.1978431962782175,-7.306998636407392,7
0.24968656424604282,-7.342827439868733,7
0.2984675262076487,-7.329626146128441,7
0.16131125455229264,-7.410553875101765,7
0.11892803554544953,-7.23293998665416,7
0.19952534854725015,-7.2219938074758465,7
0.22436156014663966,-7.2195872884209615,7
0.13213963676213303,-7.158156464047615,7
-0.05253614861499868,-7.303773533098859,7
0.011884334888252367,-7.228118750581061,7
-0.1701658972763015,-7.174047359961628,7
-0.01746663091472818,-7.210004215693298,7
-0.09597065702806531,-7.2751170073897065,7
-0.1641247071683987,-7.1365597459058545,7
-0.15192210798823536,-7.152942700800594,7
-0.19318696900890842,-7.226607499240731,7
-0.2585481524371096,-7.276226851766569,7
-0.2729241483038865,-7.212136518900515,7
-0.32813691329204253,-7.222166400151172,7
-0.26302955028751,-7.2706344753113274,7
-0.5009580041790835,-7.307425964231252,7
-0.44091083675499715,-7.309004513273215,7
-0.48020980017656667,-7.264079231244759,7
-0.4148715904784693,-7.37716722353097,7
-0.5036386164381115,-7.2555831156796025,7
-0.5229758709389463,-7.3169223583530005,7
-0.5646352137785875,-7.3341300535619425,7
-0.6205247679916928,-7.375105668209938,7
-0.6318171561774354,-7.3905616915812455,7
-0.6290490193434343,-7.476624652381103,7
-0.6574186024709655,-7.433658550011469,7
-0.6514265201258137,-7.378257690954779,7
-0.741382960462504,-7.4960355467694555,7
-0.7948657018354425,-7.5483483477626,7
-0.7830815638725791,-7.537344160305224,7
-0.8585206919634802,-7.62264708182818,7
-0.8574106244460032,-7.640052550890772,7
-0.8557222126955762,-7.633402863909949,7
-0.8128644725943532,-7.65851111339015,7
-0.8703226071660874,-7.72298368069371,7
-0.8256240083869807,-7.6324260374936435,7
-0.9682279618709562,-7.788084989548225,7
-0.9181172128990995,-7.844640950840562,7
-0.9370551150164638,-7.883016128217525,7
-0.9809409303367046,-7.921467742795983,7
-0.9478485817262121,-7.985938633162348,7
-0.9229744303054006,-8.012462833959564,7
-1.014540203720029,-7.981971326232653,7
-0.9263272616064632,-8.039311399699523,7
-1.046713550001955,-8.077032363151178,7
-0.9159668165429588,-8.069025616306929,7
-0.8603324700030023,-8.287256580715995,7
-0.8733893263280283,-8.224927487442063,7
-0.9094350348555501,-8.187714026950953,7
-0.9155702351242878,-8.334711632237378,7
-0.890630795208355,-8.303969621635988,7
-0.8476851070820721,-8.478710814452905,7
-0.9164553487385507,-8.448524176482971,7
-0.8889812149744742,-8.488420252081227,7
-0.869281049631697,-8.458651260170617,7
-0.8494387588967585,-8.525313204741973,7
-0.8064490958415174,-8.652884515438991,7
-0.7578025815131257,-8.600688444402202,7
-0.7754090166849683,-8.65958665736641,7
-0.7197967379545934,-8.710156390791292,7
-0.7238534727306972,-8.776148573252602,7
-0.7013402084823562,-8.764617003130546,7
-0.7213499842382373,-8.782828101677328,7
-0.610517224459866,-8.833575689890909,7
-0.605781022757776,-8.900811649977395,7
-0.46960226807125377,-8.748890216987167,7
-0.46744430524341934,-8.897803759835252,7
-0.43011831451787896,-8.858330854776103,7
-0.44532645191322856,-8.920422495665616,7
-0.45299029072433383,-8.955089206449957,7
-0.4023869782263122,-9.030731727316542,7
-0.38445610055080137,-8.9503073292768,7
-0.29978592741058174,-8.97039204349067,7
-0.24933933827965363,-9.032626140812006,7
-0.17379515356778089,-9.03986850101801,7
-0.1108401488236545,-9.126965248688379,7
-0.06426920971109884,-9.061536630998496,7
0.01926766225978975,-9.04147282591133,7
-0.058405339737806386,-9.096278510168709,7
0.014567449121375697,-9.096760529544529,7
0.17716357282016665,-9.156831280287273,7
0.13037699541121894,-9.01693375798683,7
0.10202074764546948,-9.099450576819567,7
0.12238124665973818,-9.137675599215827,7
0.20246155023019582,-9.125173130468594,7
0.32743482914267036,-9.128234801614926,7
0.319675038310761,-9.045181161689847,7
0.4273796397458203,-9.06442561860931,7
0.38493250500053827,-9.060607062744449,7
0.5771102512660784,-8.976730631961077,7
0.5178061557837299,-8.99957073441769,7
0.6054709145187804,-8.965718010998284,7
0.6584143687396758,-9.075593261472171,7
0.6571370400773866,-8.93414323461915,7
0.7529391876524243,-8.868660822874702,7
0.7863633059237899,-8.841042563579206,7
0.815064511245774,-8.92282380457056,7
0.7604261868743627,-8.886676250310446,7
0.8608537080391049,-8.78259485662528,7
0.8599682201870453,-8.713781611495337,7
0.936236194896128,-8.64419742280354,7
0.9716484570725068,-8.663065074312927,7
0.9986592338483894,-8.759826025723486,7
1.0965813218946698,-8.591017011989852,7
1.1405027358231963,-8.558219796285695,7
1.1192496274598824,-8.608243022137742,7
1.0721348431728308,-8.441435792663185,7
1.0808543641123138,-8.446802140610703,7
1.135696797713323,-8.39983666623487,7
1.1700752596599444,-8.492536889976195,7
1.2534977699112426,-8.314203385635413,7
1.2320561221433781,-8.266185126275815,7
1.216705533880115,-8.221315967152886,7
1.1859094365096947,-8.186944071240907,7
1.2055029053416557,-8.141610821141153,7
1.2648999459635024,-8.013546141765927,7
1.2757427112455644,-8.020999350121672,7
